ID,"Card Number","Card Name","Expiry Date",CVV,"Created At"
1,,,,,"2023-05-03 18:11:43"
3,67809,fghj,8009,78v,"2023-05-03 18:33:02"
4,12345,"Sneha ",2025,sne,"2023-05-03 20:27:12"
8,8848,Ranju,09/12,884,"2023-05-04 10:55:08"
9,4567,sdfgh,2345,sdf,"2023-05-04 13:19:32"
10,5678,KKKKK,33-90,wed,"2023-05-05 13:39:20"
11,5678,AKMU,33-90,hfd,"2023-05-05 13:40:30"
12,45678,Grishma,34-5,sdf,"2023-05-05 13:41:12"
13,45678,Britika,34-5,sdf,"2023-05-05 13:42:57"
14,6789,grishma,09/12,dfh,"2023-05-09 10:29:46"
15,4545,Sujal,09/12,884,"2023-05-09 15:51:51"
